team,city,nickname,league,division,season,home_attend,runs_scored,runs_allowed,wins,losses,games_behind
ANA,Anaheim,Angels,AL,West,1997,1767330,829,794,84,78,6
ANA,Anaheim,Angels,AL,West,1998,2519107,787,783,85,77,3
ANA,Anaheim,Angels,AL,West,1999,2253123,711,826,70,92,25
ANA,Anaheim,Angels,AL,West,2000,2066977,864,869,82,80,9.5
ARI,Arizona,Diamondbacks,NL,West,1998,3600412,665,812,65,97,33
ARI,Arizona,Diamondbacks,NL,West,1999,3019654,908,676,100,62,0
ARI,Arizona,Diamondbacks,NL,West,2000,2942516,792,754,85,77,12
ATL,Atlanta,Braves,NL,West,1969,1458320,691,631,93,69,0
ATL,Atlanta,Braves,NL,West,1970,1078848,736,772,76,86,26
ATL,Atlanta,Braves,NL,West,1971,1006320,643,699,82,80,8
ATL,Atlanta,Braves,NL,West,1972,752973,628,730,70,84,25
ATL,Atlanta,Braves,NL,West,1973,800655,799,774,76,85,22.5
ATL,Atlanta,Braves,NL,West,1974,981085,661,563,88,74,14
ATL,Atlanta,Braves,NL,West,1975,534672,583,739,67,94,40.5
ATL,Atlanta,Braves,NL,West,1976,818179,620,700,70,92,32
ATL,Atlanta,Braves,NL,West,1977,872464,678,895,61,101,37
ATL,Atlanta,Braves,NL,West,1978,904494,600,750,69,93,26
ATL,Atlanta,Braves,NL,West,1979,769465,669,763,66,94,23.5
ATL,Atlanta,Braves,NL,West,1980,1048411,630,660,81,80,11
ATL,Atlanta,Braves,NL,West,1981,535418,395,416,50,56,15
ATL,Atlanta,Braves,NL,West,1982,1801985,739,702,89,73,0
ATL,Atlanta,Braves,NL,West,1983,2119935,746,640,88,74,3
ATL,Atlanta,Braves,NL,West,1984,1724892,632,655,80,82,12
ATL,Atlanta,Braves,NL,West,1985,1350137,632,781,66,96,29
ATL,Atlanta,Braves,NL,West,1986,1387181,615,719,72,89,23.5
ATL,Atlanta,Braves,NL,West,1987,1217402,747,829,69,92,20.5
ATL,Atlanta,Braves,NL,West,1988,848089,555,741,54,106,39.5
ATL,Atlanta,Braves,NL,West,1989,984930,584,680,63,97,28
ATL,Atlanta,Braves,NL,West,1990,980129,682,821,65,97,26
ATL,Atlanta,Braves,NL,West,1991,2140217,749,644,94,68,0
ATL,Atlanta,Braves,NL,West,1992,3077400,682,569,98,64,0
ATL,Atlanta,Braves,NL,West,1993,3884725,767,559,104,58,0
ATL,Atlanta,Braves,NL,East,1994,2539240,542,448,68,46,6
ATL,Atlanta,Braves,NL,East,1995,2561831,645,540,90,54,0
ATL,Atlanta,Braves,NL,East,1996,2901242,773,648,96,66,0
ATL,Atlanta,Braves,NL,East,1997,3464488,791,581,101,61,0
ATL,Atlanta,Braves,NL,East,1998,3361350,826,581,106,56,0
ATL,Atlanta,Braves,NL,East,1999,3284897,840,661,103,59,0
ATL,Atlanta,Braves,NL,East,2000,3234301,810,714,95,67,0
BAL,Baltimore,Orioles,AL,East,1969,1062069,779,517,109,53,0
BAL,Baltimore,Orioles,AL,East,1970,1057069,792,574,108,54,0
BAL,Baltimore,Orioles,AL,East,1971,1023037,742,530,101,57,0
BAL,Baltimore,Orioles,AL,East,1972,899950,519,430,80,74,5
BAL,Baltimore,Orioles,AL,East,1973,958667,754,561,97,65,0
BAL,Baltimore,Orioles,AL,East,1974,962572,659,612,91,71,0
BAL,Baltimore,Orioles,AL,East,1975,1002157,682,553,90,69,4.5
BAL,Baltimore,Orioles,AL,East,1976,1058609,619,598,88,74,10.5
BAL,Baltimore,Orioles,AL,East,1977,1195769,719,653,97,64,2.5
BAL,Baltimore,Orioles,AL,East,1978,1051724,659,633,90,71,9
BAL,Baltimore,Orioles,AL,East,1979,1681009,757,582,102,57,0
BAL,Baltimore,Orioles,AL,East,1980,1797438,805,640,100,62,3
BAL,Baltimore,Orioles,AL,East,1981,1024247,429,437,59,46,1
BAL,Baltimore,Orioles,AL,East,1982,1613031,774,687,94,68,1
BAL,Baltimore,Orioles,AL,East,1983,2042071,799,652,98,64,0
BAL,Baltimore,Orioles,AL,East,1984,2045784,681,667,85,77,19
BAL,Baltimore,Orioles,AL,East,1985,2132387,818,764,83,78,16
BAL,Baltimore,Orioles,AL,East,1986,1973176,708,760,73,89,22.5
BAL,Baltimore,Orioles,AL,East,1987,1835692,729,880,67,95,31
BAL,Baltimore,Orioles,AL,East,1988,1660738,550,789,54,107,34.5
BAL,Baltimore,Orioles,AL,East,1989,2535208,708,686,87,75,2
BAL,Baltimore,Orioles,AL,East,1990,2415189,669,698,76,85,11.5
BAL,Baltimore,Orioles,AL,East,1991,2552753,686,796,67,95,24
BAL,Baltimore,Orioles,AL,East,1992,3567819,705,656,89,73,7
BAL,Baltimore,Orioles,AL,East,1993,3644965,786,745,85,77,10
BAL,Baltimore,Orioles,AL,East,1994,2535359,589,497,63,49,6.5
BAL,Baltimore,Orioles,AL,East,1995,3098475,704,640,71,73,15
BAL,Baltimore,Orioles,AL,East,1996,3646950,949,903,88,74,4
BAL,Baltimore,Orioles,AL,East,1997,3711132,812,681,98,64,0
BAL,Baltimore,Orioles,AL,East,1998,3685194,817,785,79,83,35
BAL,Baltimore,Orioles,AL,East,1999,3433150,851,815,78,84,20
BAL,Baltimore,Orioles,AL,East,2000,3295128,794,913,74,88,13.5
BOS,Boston,Red Sox,AL,East,1969,1833246,743,736,87,75,22
BOS,Boston,Red Sox,AL,East,1970,1595278,786,722,87,75,21
BOS,Boston,Red Sox,AL,East,1971,1678732,691,667,85,77,18
BOS,Boston,Red Sox,AL,East,1972,1441718,640,620,85,70,0.5
BOS,Boston,Red Sox,AL,East,1973,1481002,738,647,89,73,8
BOS,Boston,Red Sox,AL,East,1974,1556411,696,661,84,78,7
BOS,Boston,Red Sox,AL,East,1975,1748587,796,709,95,65,0
BOS,Boston,Red Sox,AL,East,1976,1895846,716,660,83,79,15.5
BOS,Boston,Red Sox,AL,East,1977,2074549,859,712,97,64,2.5
BOS,Boston,Red Sox,AL,East,1978,2320643,796,657,99,64,1
BOS,Boston,Red Sox,AL,East,1979,2353114,841,711,91,69,11.5
BOS,Boston,Red Sox,AL,East,1980,1956092,757,767,83,77,19
BOS,Boston,Red Sox,AL,East,1981,1060379,519,481,59,49,2.5
BOS,Boston,Red Sox,AL,East,1982,1950124,753,713,89,73,6
BOS,Boston,Red Sox,AL,East,1983,1782285,724,775,78,84,20
BOS,Boston,Red Sox,AL,East,1984,1661618,810,764,86,76,18
BOS,Boston,Red Sox,AL,East,1985,1786633,800,720,81,81,18.5
BOS,Boston,Red Sox,AL,East,1986,2147641,794,696,95,66,0
BOS,Boston,Red Sox,AL,East,1987,2231551,842,825,78,84,20
BOS,Boston,Red Sox,AL,East,1988,2464851,813,689,89,73,0
BOS,Boston,Red Sox,AL,East,1989,2510012,774,735,83,79,6
BOS,Boston,Red Sox,AL,East,1990,2528986,699,664,88,74,0
BOS,Boston,Red Sox,AL,East,1991,2562435,731,712,84,78,7
BOS,Boston,Red Sox,AL,East,1992,2468574,599,669,73,89,23
BOS,Boston,Red Sox,AL,East,1993,2422021,686,698,80,82,15
BOS,Boston,Red Sox,AL,East,1994,1775818,552,621,54,61,17
BOS,Boston,Red Sox,AL,East,1995,2164410,791,698,86,58,0
BOS,Boston,Red Sox,AL,East,1996,2315231,928,921,85,77,7
BOS,Boston,Red Sox,AL,East,1997,2226136,851,857,78,84,20
BOS,Boston,Red Sox,AL,East,1998,2343947,876,729,92,70,22
BOS,Boston,Red Sox,AL,East,1999,2446162,836,718,94,68,4
BOS,Boston,Red Sox,AL,East,2000,2586032,792,745,85,77,2.5
CAL,California,Angels,AL,West,1969,758388,528,652,71,91,26
CAL,California,Angels,AL,West,1970,1077741,631,630,86,76,12
CAL,California,Angels,AL,West,1971,926373,511,576,76,86,25.5
CAL,California,Angels,AL,West,1972,744190,454,533,75,80,18
CAL,California,Angels,AL,West,1973,1058206,629,657,79,83,15
CAL,California,Angels,AL,West,1974,917269,618,657,68,94,22
CAL,California,Angels,AL,West,1975,1058163,628,723,72,89,25.5
CAL,California,Angels,AL,West,1976,1006774,550,631,76,86,14
CAL,California,Angels,AL,West,1977,1432633,675,695,74,88,28
CAL,California,Angels,AL,West,1978,1755386,691,666,87,75,5
CAL,California,Angels,AL,West,1979,2523575,866,768,88,74,0
CAL,California,Angels,AL,West,1980,2297327,698,797,65,95,31
CAL,California,Angels,AL,West,1981,1441545,476,453,51,59,13.5
CAL,California,Angels,AL,West,1982,2807360,814,670,93,69,0
CAL,California,Angels,AL,West,1983,2555016,722,779,70,92,29
CAL,California,Angels,AL,West,1984,2402997,696,697,81,81,3
CAL,California,Angels,AL,West,1985,2567427,732,703,90,72,1
CAL,California,Angels,AL,West,1986,2655872,786,684,92,70,0
CAL,California,Angels,AL,West,1987,2696299,770,803,75,87,10
CAL,California,Angels,AL,West,1988,2340925,714,771,75,87,29
CAL,California,Angels,AL,West,1989,2647291,669,578,91,71,8
CAL,California,Angels,AL,West,1990,2555688,690,706,80,82,23
CAL,California,Angels,AL,West,1991,2416236,653,649,81,81,14
CAL,California,Angels,AL,West,1992,2065444,579,671,72,90,24
CAL,California,Angels,AL,West,1993,2057460,684,770,71,91,26
CAL,California,Angels,AL,West,1994,1512622,543,660,47,68,5.5
CAL,California,Angels,AL,West,1995,1748680,801,697,78,67,1
CAL,California,Angels,AL,West,1996,1820521,762,943,70,91,19.5
CHA,Chicago A,White Sox,AL,West,1969,589546,625,723,68,94,29
CHA,Chicago A,White Sox,AL,West,1970,495355,633,822,56,106,42
CHA,Chicago A,White Sox,AL,West,1971,833891,617,597,79,83,22.5
CHA,Chicago A,White Sox,AL,West,1972,1177318,566,538,87,67,5.5
CHA,Chicago A,White Sox,AL,West,1973,1302527,652,705,77,85,17
CHA,Chicago A,White Sox,AL,West,1974,1149596,684,721,80,80,9
CHA,Chicago A,White Sox,AL,West,1975,750802,655,703,75,86,22.5
CHA,Chicago A,White Sox,AL,West,1976,914945,586,745,64,97,25.5
CHA,Chicago A,White Sox,AL,West,1977,1657135,844,771,90,72,12
CHA,Chicago A,White Sox,AL,West,1978,1491100,634,731,71,90,20.5
CHA,Chicago A,White Sox,AL,West,1979,1280702,730,748,73,87,14
CHA,Chicago A,White Sox,AL,West,1980,1200365,587,722,70,90,26
CHA,Chicago A,White Sox,AL,West,1981,946651,476,423,54,52,8.5
CHA,Chicago A,White Sox,AL,West,1982,1567787,786,710,87,75,6
CHA,Chicago A,White Sox,AL,West,1983,2132821,800,650,99,63,0
CHA,Chicago A,White Sox,AL,West,1984,2136988,679,736,74,88,10
CHA,Chicago A,White Sox,AL,West,1985,1669888,736,720,85,77,6
CHA,Chicago A,White Sox,AL,West,1986,1424313,644,699,72,90,20
CHA,Chicago A,White Sox,AL,West,1987,1208060,748,746,77,85,8
CHA,Chicago A,White Sox,AL,West,1988,1115749,631,757,71,90,32.5
CHA,Chicago A,White Sox,AL,West,1989,1045651,693,750,69,92,29.5
CHA,Chicago A,White Sox,AL,West,1990,2002357,682,633,94,68,9
CHA,Chicago A,White Sox,AL,West,1991,2934154,758,681,87,75,8
CHA,Chicago A,White Sox,AL,West,1992,2681156,738,690,86,76,10
CHA,Chicago A,White Sox,AL,West,1993,2581091,776,664,94,68,0
CHA,Chicago A,White Sox,AL,Cent,1994,1697398,633,498,67,46,0
CHA,Chicago A,White Sox,AL,Cent,1995,1609773,755,758,68,76,32
CHA,Chicago A,White Sox,AL,Cent,1996,1676403,898,794,85,77,14.5
CHA,Chicago A,White Sox,AL,Cent,1997,1864782,779,833,80,81,6
CHA,Chicago A,White Sox,AL,Cent,1998,1391146,861,931,80,82,9
CHA,Chicago A,White Sox,AL,Cent,1999,1338851,777,870,75,86,21.5
CHA,Chicago A,White Sox,AL,Cent,2000,1947799,978,839,95,67,0
CHN,Chicago N,Cubs,NL,East,1969,1674993,720,611,92,70,8
CHN,Chicago N,Cubs,NL,East,1970,1642705,806,679,84,78,5
CHN,Chicago N,Cubs,NL,East,1971,1653007,637,648,83,79,14
CHN,Chicago N,Cubs,NL,East,1972,1299163,685,567,85,70,11
CHN,Chicago N,Cubs,NL,East,1973,1351705,614,655,77,84,5
CHN,Chicago N,Cubs,NL,East,1974,1015378,669,826,66,96,22
CHN,Chicago N,Cubs,NL,East,1975,1034819,712,827,75,87,17.5
CHN,Chicago N,Cubs,NL,East,1976,1026217,611,728,75,87,26
CHN,Chicago N,Cubs,NL,East,1977,1439834,692,739,81,81,20
CHN,Chicago N,Cubs,NL,East,1978,1525311,664,724,79,83,11
CHN,Chicago N,Cubs,NL,East,1979,1648587,706,707,80,82,18
CHN,Chicago N,Cubs,NL,East,1980,1206776,614,728,64,98,27
CHN,Chicago N,Cubs,NL,East,1981,565637,370,483,38,65,21.5
CHN,Chicago N,Cubs,NL,East,1982,1249278,676,709,73,89,19
CHN,Chicago N,Cubs,NL,East,1983,1479717,701,719,71,91,19
CHN,Chicago N,Cubs,NL,East,1984,2107655,762,658,96,65,0
CHN,Chicago N,Cubs,NL,East,1985,2161534,686,729,77,84,23.5
CHN,Chicago N,Cubs,NL,East,1986,1859102,680,781,70,90,37
CHN,Chicago N,Cubs,NL,East,1987,2035130,720,801,76,85,18.5
CHN,Chicago N,Cubs,NL,East,1988,2089034,660,694,77,85,24
CHN,Chicago N,Cubs,NL,East,1989,2491942,702,623,93,69,0
CHN,Chicago N,Cubs,NL,East,1990,2243791,690,774,77,85,18
CHN,Chicago N,Cubs,NL,East,1991,2314250,695,734,77,83,20
CHN,Chicago N,Cubs,NL,East,1992,2126720,593,624,78,84,18
CHN,Chicago N,Cubs,NL,East,1993,2653763,738,739,84,78,13
CHN,Chicago N,Cubs,NL,Cent,1994,1845208,500,549,49,64,16.5
CHN,Chicago N,Cubs,NL,Cent,1995,1918265,693,671,73,71,12
CHN,Chicago N,Cubs,NL,Cent,1996,2219110,772,771,76,86,12
CHN,Chicago N,Cubs,NL,Cent,1997,2190308,687,759,68,94,16
CHN,Chicago N,Cubs,NL,Cent,1998,2623000,831,792,90,73,12.5
CHN,Chicago N,Cubs,NL,Cent,1999,2813854,747,920,67,95,30
CHN,Chicago N,Cubs,NL,Cent,2000,2789511,764,904,65,97,30
CIN,Cincinnati,Reds,NL,West,1969,987991,798,768,89,73,4
CIN,Cincinnati,Reds,NL,West,1970,1803568,775,681,102,60,0
CIN,Cincinnati,Reds,NL,West,1971,1501122,586,581,79,83,11
CIN,Cincinnati,Reds,NL,West,1972,1611459,707,557,95,59,0
CIN,Cincinnati,Reds,NL,West,1973,2017601,741,621,99,63,0
CIN,Cincinnati,Reds,NL,West,1974,2164307,776,631,98,64,4
CIN,Cincinnati,Reds,NL,West,1975,2315603,840,586,108,54,0
CIN,Cincinnati,Reds,NL,West,1976,2629708,857,633,102,60,0
CIN,Cincinnati,Reds,NL,West,1977,2519670,802,725,88,74,10
CIN,Cincinnati,Reds,NL,West,1978,2532497,710,688,92,69,2.5
CIN,Cincinnati,Reds,NL,West,1979,2356933,731,644,90,71,0
CIN,Cincinnati,Reds,NL,West,1980,2022450,707,670,89,73,3.5
CIN,Cincinnati,Reds,NL,West,1981,1093730,464,440,66,42,0
CIN,Cincinnati,Reds,NL,West,1982,1326528,545,661,61,101,28
CIN,Cincinnati,Reds,NL,West,1983,1190419,623,710,74,88,17
CIN,Cincinnati,Reds,NL,West,1984,1275887,627,747,70,92,22
CIN,Cincinnati,Reds,NL,West,1985,1834619,677,666,89,72,5.5
CIN,Cincinnati,Reds,NL,West,1986,1692432,732,717,86,76,10
CIN,Cincinnati,Reds,NL,West,1987,2185205,783,752,84,78,6
CIN,Cincinnati,Reds,NL,West,1988,2072528,641,596,87,74,7
CIN,Cincinnati,Reds,NL,West,1989,1979320,632,691,75,87,17
CIN,Cincinnati,Reds,NL,West,1990,2400892,693,597,91,71,0
CIN,Cincinnati,Reds,NL,West,1991,2372377,689,691,74,88,20
CIN,Cincinnati,Reds,NL,West,1992,2315946,660,609,90,72,8
CIN,Cincinnati,Reds,NL,West,1993,2453232,722,785,73,89,31
CIN,Cincinnati,Reds,NL,Cent,1994,1897681,609,490,66,48,0
CIN,Cincinnati,Reds,NL,Cent,1995,1837649,747,623,85,59,0
CIN,Cincinnati,Reds,NL,Cent,1996,1861428,778,773,81,81,7
CIN,Cincinnati,Reds,NL,Cent,1997,1785788,651,764,76,86,8
CIN,Cincinnati,Reds,NL,Cent,1998,1793679,750,760,77,85,25
CIN,Cincinnati,Reds,NL,Cent,1999,2061222,865,711,96,67,1.5
CIN,Cincinnati,Reds,NL,Cent,2000,2577351,825,765,85,77,10
CLE,Cleveland,Indians,AL,East,1969,619970,573,717,62,99,46.5
CLE,Cleveland,Indians,AL,East,1970,729752,649,675,76,86,32
CLE,Cleveland,Indians,AL,East,1971,591361,543,747,60,102,43
CLE,Cleveland,Indians,AL,East,1972,626354,472,519,72,84,14
CLE,Cleveland,Indians,AL,East,1973,615107,680,826,71,91,26
CLE,Cleveland,Indians,AL,East,1974,1114262,662,694,77,85,14
CLE,Cleveland,Indians,AL,East,1975,977039,688,703,79,80,15.5
CLE,Cleveland,Indians,AL,East,1976,948776,615,615,81,78,16
CLE,Cleveland,Indians,AL,East,1977,900365,676,739,71,90,28.5
CLE,Cleveland,Indians,AL,East,1978,800584,639,694,69,90,29
CLE,Cleveland,Indians,AL,East,1979,1011644,760,805,81,80,22
CLE,Cleveland,Indians,AL,East,1980,1033827,738,807,79,81,23
CLE,Cleveland,Indians,AL,East,1981,661395,431,442,52,51,7
CLE,Cleveland,Indians,AL,East,1982,1044021,683,748,78,84,17
CLE,Cleveland,Indians,AL,East,1983,768941,704,785,70,92,28
CLE,Cleveland,Indians,AL,East,1984,734079,761,766,75,86,29
CLE,Cleveland,Indians,AL,East,1985,655181,729,861,60,102,39.5
CLE,Cleveland,Indians,AL,East,1986,1471805,831,841,84,78,11.5
CLE,Cleveland,Indians,AL,East,1987,1077898,742,957,61,101,37
CLE,Cleveland,Indians,AL,East,1988,1411610,666,731,78,84,11
CLE,Cleveland,Indians,AL,East,1989,1285542,604,654,73,89,16
CLE,Cleveland,Indians,AL,East,1990,1225240,732,737,77,85,11
CLE,Cleveland,Indians,AL,East,1991,1051863,576,759,57,105,34
CLE,Cleveland,Indians,AL,East,1992,1224094,674,746,76,86,20
CLE,Cleveland,Indians,AL,East,1993,2177908,790,813,76,86,19
CLE,Cleveland,Indians,AL,Cent,1994,1995174,679,562,66,47,1
CLE,Cleveland,Indians,AL,Cent,1995,2842745,840,607,100,44,0
CLE,Cleveland,Indians,AL,Cent,1996,3318174,952,769,99,62,0
CLE,Cleveland,Indians,AL,Cent,1997,3404750,868,815,86,75,0
CLE,Cleveland,Indians,AL,Cent,1998,3467299,850,779,89,73,0
CLE,Cleveland,Indians,AL,Cent,1999,3468456,1009,860,97,65,0
CLE,Cleveland,Indians,AL,Cent,2000,3456278,950,816,90,72,5
COL,Colorado,Rockies,NL,West,1993,4483350,758,967,67,95,37
COL,Colorado,Rockies,NL,West,1994,3281511,573,638,53,64,6.5
COL,Colorado,Rockies,NL,West,1995,3390037,785,783,77,67,1
COL,Colorado,Rockies,NL,West,1996,3891014,961,964,83,79,8
COL,Colorado,Rockies,NL,West,1997,3888453,923,908,83,79,7
COL,Colorado,Rockies,NL,West,1998,3789347,923,908,83,79,7
COL,Colorado,Rockies,NL,West,1999,3481065,906,1028,72,90,28
COL,Colorado,Rockies,NL,West,2000,3285710,968,897,82,80,15
DET,Detroit,Tigers,AL,East,1969,1577481,701,601,90,72,19
DET,Detroit,Tigers,AL,East,1970,1501293,666,731,79,83,29
DET,Detroit,Tigers,AL,East,1971,1591073,701,645,91,71,12
DET,Detroit,Tigers,AL,East,1972,1892386,558,514,86,70,0
DET,Detroit,Tigers,AL,East,1973,1724146,642,674,85,77,12
DET,Detroit,Tigers,AL,East,1974,1243080,620,768,72,90,19
DET,Detroit,Tigers,AL,East,1975,1058836,570,786,57,102,37.5
DET,Detroit,Tigers,AL,East,1976,1467020,609,709,74,87,24
DET,Detroit,Tigers,AL,East,1977,1359856,714,751,74,88,26
DET,Detroit,Tigers,AL,East,1978,1714893,714,653,86,76,13.5
DET,Detroit,Tigers,AL,East,1979,1630929,770,738,85,76,18
DET,Detroit,Tigers,AL,East,1980,1785293,830,757,84,78,19
DET,Detroit,Tigers,AL,East,1981,1149144,427,404,60,49,2
DET,Detroit,Tigers,AL,East,1982,1636058,729,685,83,79,12
DET,Detroit,Tigers,AL,East,1983,1829636,789,679,92,70,6
DET,Detroit,Tigers,AL,East,1984,2704794,829,643,104,58,0
DET,Detroit,Tigers,AL,East,1985,2286609,729,688,84,77,15
DET,Detroit,Tigers,AL,East,1986,1899437,798,714,87,75,8.5
DET,Detroit,Tigers,AL,East,1987,2061830,896,735,98,64,0
DET,Detroit,Tigers,AL,East,1988,2081162,703,658,88,74,1
DET,Detroit,Tigers,AL,East,1989,1543656,617,816,59,103,30
DET,Detroit,Tigers,AL,East,1990,1495785,750,754,79,83,9
DET,Detroit,Tigers,AL,East,1991,1641661,817,794,84,78,7
DET,Detroit,Tigers,AL,East,1992,1423963,791,794,75,87,21
DET,Detroit,Tigers,AL,East,1993,1971421,899,837,85,77,10
DET,Detroit,Tigers,AL,East,1994,1184783,652,671,53,62,15
DET,Detroit,Tigers,AL,East,1995,1180979,654,844,60,84,26
DET,Detroit,Tigers,AL,East,1996,1168610,783,1103,53,109,39
DET,Detroit,Tigers,AL,East,1997,1365157,784,790,79,83,19
DET,Detroit,Tigers,AL,East,1998,1409391,722,863,65,97,24
DET,Detroit,Tigers,AL,East,1999,2026441,747,882,69,92,27.5
DET,Detroit,Tigers,AL,East,2000,2533752,823,827,79,83,16
FL,Florida,Marlins,NL,East,1993,3064847,581,724,64,98,33
FL,Florida,Marlins,NL,East,1994,1937467,468,576,51,64,23.5
FL,Florida,Marlins,NL,East,1995,1700466,673,673,67,76,22.5
FL,Florida,Marlins,NL,East,1996,1746767,688,703,80,82,16
FL,Florida,Marlins,NL,East,1997,2364387,740,669,92,70,9
FL,Florida,Marlins,NL,East,1998,1750395,667,923,54,108,52
FL,Florida,Marlins,NL,East,1999,1369421,691,852,64,98,39
FL,Florida,Marlins,NL,East,2000,1218326,731,797,79,82,15.5
HOU,Houston,Astros,NL,West,1969,1442995,676,668,81,81,12
HOU,Houston,Astros,NL,West,1970,1253444,744,763,79,83,23
HOU,Houston,Astros,NL,West,1971,1261589,585,567,79,83,11
HOU,Houston,Astros,NL,West,1972,1469247,708,636,84,69,10.5
HOU,Houston,Astros,NL,West,1973,1394004,681,672,82,80,17
HOU,Houston,Astros,NL,West,1974,1090728,653,632,81,81,21
HOU,Houston,Astros,NL,West,1975,858002,664,711,64,97,43.5
HOU,Houston,Astros,NL,West,1976,886146,625,657,80,82,22
HOU,Houston,Astros,NL,West,1977,1109560,680,650,81,81,17
HOU,Houston,Astros,NL,West,1978,1126145,605,634,74,88,21
HOU,Houston,Astros,NL,West,1979,1900312,583,582,89,73,1.5
HOU,Houston,Astros,NL,West,1980,2278217,637,589,93,70,0
HOU,Houston,Astros,NL,West,1981,1321282,394,331,61,49,6
HOU,Houston,Astros,NL,West,1982,1558555,569,620,77,85,12
HOU,Houston,Astros,NL,West,1983,1351962,643,646,85,77,6
HOU,Houston,Astros,NL,West,1984,1229862,690,630,80,82,12
HOU,Houston,Astros,NL,West,1985,1184314,706,691,83,79,12
HOU,Houston,Astros,NL,West,1986,1734276,654,569,96,66,0
HOU,Houston,Astros,NL,West,1987,1909902,648,678,76,86,14
HOU,Houston,Astros,NL,West,1988,1933505,617,631,82,80,12.5
HOU,Houston,Astros,NL,West,1989,1834908,647,669,86,76,6
HOU,Houston,Astros,NL,West,1990,1310927,573,656,75,87,16
HOU,Houston,Astros,NL,West,1991,1196152,605,717,65,97,29
HOU,Houston,Astros,NL,West,1992,1211412,608,668,81,81,17
HOU,Houston,Astros,NL,West,1993,2084546,716,630,85,77,19
HOU,Houston,Astros,NL,Cent,1994,1561136,602,503,66,49,0.5
HOU,Houston,Astros,NL,Cent,1995,1363801,747,674,76,68,9
HOU,Houston,Astros,NL,Cent,1996,1975888,753,792,82,80,6
HOU,Houston,Astros,NL,Cent,1997,2046781,777,660,84,78,0
HOU,Houston,Astros,NL,Cent,1998,2450451,874,620,102,60,0
HOU,Houston,Astros,NL,Cent,1999,2706017,823,675,97,65,0
HOU,Houston,Astros,NL,Cent,2000,3056139,938,944,72,90,23
KC,Kansas City,Royals,AL,West,1969,902414,586,688,69,93,28
KC,Kansas City,Royals,AL,West,1970,693047,611,705,65,97,33
KC,Kansas City,Royals,AL,West,1971,910784,603,566,85,76,16
KC,Kansas City,Royals,AL,West,1972,707656,580,545,76,78,16.5
KC,Kansas City,Royals,AL,West,1973,1345341,755,752,88,74,6
KC,Kansas City,Royals,AL,West,1974,1173292,667,662,77,85,13
KC,Kansas City,Royals,AL,West,1975,1151836,710,649,91,71,7
KC,Kansas City,Royals,AL,West,1976,1680265,713,611,90,72,0
KC,Kansas City,Royals,AL,West,1977,1852603,822,651,102,60,0
KC,Kansas City,Royals,AL,West,1978,2255493,743,634,92,70,0
KC,Kansas City,Royals,AL,West,1979,2261845,851,816,85,77,3
KC,Kansas City,Royals,AL,West,1980,2288714,809,694,97,65,0
KC,Kansas City,Royals,AL,West,1981,1279403,397,405,50,53,11
KC,Kansas City,Royals,AL,West,1982,2284464,784,717,90,72,3
KC,Kansas City,Royals,AL,West,1983,1963875,696,767,79,93,20
KC,Kansas City,Royals,AL,West,1984,1810018,673,686,84,78,0
KC,Kansas City,Royals,AL,West,1985,2162717,687,639,91,71,0
KC,Kansas City,Royals,AL,West,1986,2320794,654,673,76,86,16
KC,Kansas City,Royals,AL,West,1987,2392471,715,691,83,79,2
KC,Kansas City,Royals,AL,West,1988,2350181,704,648,84,77,19.5
KC,Kansas City,Royals,AL,West,1989,2477700,690,635,92,70,7
KC,Kansas City,Royals,AL,West,1990,2244956,707,709,75,86,27.5
KC,Kansas City,Royals,AL,West,1991,2161537,727,722,82,80,13
KC,Kansas City,Royals,AL,West,1992,1867689,610,667,72,90,24
KC,Kansas City,Royals,AL,West,1993,1934578,675,694,84,78,10
KC,Kansas City,Royals,AL,Cent,1994,1400494,574,532,64,51,4
KC,Kansas City,Royals,AL,Cent,1995,1233530,629,691,70,74,30
KC,Kansas City,Royals,AL,Cent,1996,1435997,746,786,75,86,24
KC,Kansas City,Royals,AL,Cent,1997,1517638,747,820,67,94,19
KC,Kansas City,Royals,AL,Cent,1998,1494875,714,899,72,89,16.5
KC,Kansas City,Royals,AL,Cent,1999,1506068,856,921,64,97,32.5
KC,Kansas City,Royals,AL,Cent,2000,1677915,879,930,77,85,18
LA,Los Angeles,Dodgers,NL,West,1969,1784527,645,561,85,77,8
LA,Los Angeles,Dodgers,NL,West,1970,1697142,749,684,87,74,14.5
LA,Los Angeles,Dodgers,NL,West,1971,2064594,663,587,89,73,1
LA,Los Angeles,Dodgers,NL,West,1972,1860858,584,527,85,70,10.5
LA,Los Angeles,Dodgers,NL,West,1973,2136192,675,565,95,66,3.5
LA,Los Angeles,Dodgers,NL,West,1974,2632474,798,561,102,60,0
LA,Los Angeles,Dodgers,NL,West,1975,2539349,648,534,88,74,20
LA,Los Angeles,Dodgers,NL,West,1976,2386301,608,543,92,70,10
LA,Los Angeles,Dodgers,NL,West,1977,2955087,769,582,98,64,0
LA,Los Angeles,Dodgers,NL,West,1978,3347845,727,573,95,67,0
LA,Los Angeles,Dodgers,NL,West,1979,2860954,739,717,79,83,11.5
LA,Los Angeles,Dodgers,NL,West,1980,3249287,663,591,92,71,1
LA,Los Angeles,Dodgers,NL,West,1981,2381292,450,356,63,47,4
LA,Los Angeles,Dodgers,NL,West,1982,3608881,691,612,88,74,1
LA,Los Angeles,Dodgers,NL,West,1983,3510313,654,609,91,71,0
LA,Los Angeles,Dodgers,NL,West,1984,3134824,580,600,79,83,13
LA,Los Angeles,Dodgers,NL,West,1985,3264593,682,579,95,67,0
LA,Los Angeles,Dodgers,NL,West,1986,3023208,638,679,73,89,23
LA,Los Angeles,Dodgers,NL,West,1987,2797409,635,675,73,89,17
LA,Los Angeles,Dodgers,NL,West,1988,2980262,628,544,94,67,0
LA,Los Angeles,Dodgers,NL,West,1989,2944653,554,536,77,83,14
LA,Los Angeles,Dodgers,NL,West,1990,3002396,728,685,86,76,5
LA,Los Angeles,Dodgers,NL,West,1991,3348170,665,565,93,96,1
LA,Los Angeles,Dodgers,NL,West,1992,2473266,548,636,63,99,35
LA,Los Angeles,Dodgers,NL,West,1993,3170392,675,662,81,81,23
LA,Los Angeles,Dodgers,NL,West,1994,2279355,532,509,58,56,0
LA,Los Angeles,Dodgers,NL,West,1995,2766251,634,609,78,66,0
LA,Los Angeles,Dodgers,NL,West,1996,3188454,703,652,90,72,1
LA,Los Angeles,Dodgers,NL,West,1997,3319504,742,645,88,74,2
LA,Los Angeles,Dodgers,NL,West,1998,3089201,669,678,83,79,15
LA,Los Angeles,Dodgers,NL,West,1999,3095346,793,787,77,85,23
LA,Los Angeles,Dodgers,NL,West,2000,3010819,798,729,86,76,11
MIL,Milwaukee,Brewers,AL,East,1970,933690,613,751,65,97,33
MIL,Milwaukee,Brewers,AL,East,1971,731531,534,609,69,92,32
MIL,Milwaukee,Brewers,AL,East,1972,600440,493,595,65,91,21
MIL,Milwaukee,Brewers,AL,East,1973,1092158,708,731,74,88,23
MIL,Milwaukee,Brewers,AL,East,1974,955741,647,660,76,86,15
MIL,Milwaukee,Brewers,AL,East,1975,1213357,675,792,68,94,28
MIL,Milwaukee,Brewers,AL,East,1976,1012164,570,655,66,95,32
MIL,Milwaukee,Brewers,AL,East,1977,1114938,639,765,67,95,33
MIL,Milwaukee,Brewers,AL,East,1978,1601406,804,650,93,69,6.5
MIL,Milwaukee,Brewers,AL,East,1979,1918343,807,722,95,66,8
MIL,Milwaukee,Brewers,AL,East,1980,1857408,811,682,86,76,17
MIL,Milwaukee,Brewers,AL,East,1981,874292,493,459,62,47,0
MIL,Milwaukee,Brewers,AL,East,1982,1978896,891,717,95,67,0
MIL,Milwaukee,Brewers,AL,East,1983,2397131,764,708,87,75,11
MIL,Milwaukee,Brewers,AL,East,1984,1608509,641,734,67,94,36.5
MIL,Milwaukee,Brewers,AL,East,1985,1360265,690,802,71,90,28
MIL,Milwaukee,Brewers,AL,East,1986,1265041,667,734,77,84,18
MIL,Milwaukee,Brewers,AL,East,1987,1909244,862,817,91,71,7
MIL,Milwaukee,Brewers,AL,East,1988,1923238,682,616,87,75,2
MIL,Milwaukee,Brewers,AL,East,1989,1970735,707,679,81,81,8
MIL,Milwaukee,Brewers,AL,East,1990,1752900,732,760,74,88,14
MIL,Milwaukee,Brewers,AL,East,1991,1478729,799,744,83,79,8
MIL,Milwaukee,Brewers,AL,East,1992,1857351,740,604,92,70,4
MIL,Milwaukee,Brewers,AL,East,1993,1688080,733,792,69,93,26
MIL,Milwaukee,Brewers,AL,Cent,1994,1268399,547,586,53,62,18
MIL,Milwaukee,Brewers,AL,Cent,1995,1087560,740,747,65,79,35
MIL,Milwaukee,Brewers,AL,Cent,1996,1327155,894,899,80,82,19.5
MIL,Milwaukee,Brewers,AL,Cent,1997,1444027,681,742,78,83,8
MIL,Milwaukee,Brewers,NL,Cent,1998,1811548,707,812,74,88,28
MIL,Milwaukee,Brewers,NL,Cent,1999,1701796,815,886,74,87,22.5
MIL,Milwaukee,Brewers,NL,Cent,2000,1573621,740,826,73,89,22
MIN,Minnesota,Twins,AL,West,1969,1349328,790,618,97,65,0
MIN,Minnesota,Twins,AL,West,1970,1261887,744,605,98,64,0
MIN,Minnesota,Twins,AL,West,1971,940858,654,670,74,86,26.5
MIN,Minnesota,Twins,AL,West,1972,797901,537,535,77,77,15.5
MIN,Minnesota,Twins,AL,West,1973,907499,738,692,81,81,13
MIN,Minnesota,Twins,AL,West,1974,662401,673,669,82,80,8
MIN,Minnesota,Twins,AL,West,1975,737156,724,736,76,83,20.5
MIN,Minnesota,Twins,AL,West,1976,715394,743,704,85,77,5
MIN,Minnesota,Twins,AL,West,1977,1162727,867,776,84,77,17.5
MIN,Minnesota,Twins,AL,West,1978,787878,666,678,73,89,19
MIN,Minnesota,Twins,AL,West,1979,1070521,764,725,82,80,6
MIN,Minnesota,Twins,AL,West,1980,769206,670,724,77,84,19.5
MIN,Minnesota,Twins,AL,West,1981,469090,378,486,41,68,23
MIN,Minnesota,Twins,AL,West,1982,921186,657,819,60,102,33
MIN,Minnesota,Twins,AL,West,1983,858939,709,822,70,92,29
MIN,Minnesota,Twins,AL,West,1984,1598692,673,675,81,81,3
MIN,Minnesota,Twins,AL,West,1985,1651814,705,782,77,85,14
MIN,Minnesota,Twins,AL,West,1986,1255453,741,839,71,91,21
MIN,Minnesota,Twins,AL,West,1987,2081976,786,806,85,77,0
MIN,Minnesota,Twins,AL,West,1988,3030672,759,672,91,71,13
MIN,Minnesota,Twins,AL,West,1989,2277438,740,738,80,82,19
MIN,Minnesota,Twins,AL,West,1990,1751584,666,729,74,88,29
MIN,Minnesota,Twins,AL,West,1991,2293842,776,652,95,67,0
MIN,Minnesota,Twins,AL,West,1992,2482428,747,653,90,72,6
MIN,Minnesota,Twins,AL,West,1993,2048673,693,830,71,91,26
MIN,Minnesota,Twins,AL,Cent,1994,1398565,594,688,53,60,14
MIN,Minnesota,Twins,AL,Cent,1995,1057667,703,889,56,88,44
MIN,Minnesota,Twins,AL,Cent,1996,1437352,877,900,78,84,21.5
MIN,Minnesota,Twins,AL,Cent,1997,1411064,772,861,68,94,18.5
MIN,Minnesota,Twins,AL,Cent,1998,1165980,734,818,70,92,19
MIN,Minnesota,Twins,AL,Cent,1999,1202829,686,845,63,97,33
MIN,Minnesota,Twins,AL,Cent,2000,1059715,748,880,69,93,26
MON,Montreal,Expos,NL,East,1969,1212608,582,791,52,110,48
MON,Montreal,Expos,NL,East,1970,1424683,687,807,73,89,16
MON,Montreal,Expos,NL,East,1971,1290963,622,729,71,90,25.5
MON,Montreal,Expos,NL,East,1972,1142145,513,609,70,86,26.5
MON,Montreal,Expos,NL,East,1973,1246863,668,702,79,83,3.5
MON,Montreal,Expos,NL,East,1974,1019134,662,657,79,82,8.5
MON,Montreal,Expos,NL,East,1975,908292,601,690,75,87,17.5
MON,Montreal,Expos,NL,East,1976,646704,531,734,55,107,46
MON,Montreal,Expos,NL,East,1977,1433757,665,736,75,87,26
MON,Montreal,Expos,NL,East,1978,1427007,633,611,76,86,12
MON,Montreal,Expos,NL,East,1979,2102173,701,581,95,65,2
MON,Montreal,Expos,NL,East,1980,2208175,694,629,90,72,1
MON,Montreal,Expos,NL,East,1981,1534564,443,394,60,48,2
MON,Montreal,Expos,NL,East,1982,2318292,697,616,86,76,6
MON,Montreal,Expos,NL,East,1983,2320651,677,646,82,80,8
MON,Montreal,Expos,NL,East,1984,1606531,593,585,78,83,18
MON,Montreal,Expos,NL,East,1985,1502494,633,636,84,77,16.5
MON,Montreal,Expos,NL,East,1986,1128981,637,688,78,83,29.5
MON,Montreal,Expos,NL,East,1987,1850324,741,720,91,71,4
MON,Montreal,Expos,NL,East,1988,1478659,628,592,81,81,20
MON,Montreal,Expos,NL,East,1989,1783533,632,630,81,81,12
MON,Montreal,Expos,NL,East,1990,1373087,662,598,85,77,10
MON,Montreal,Expos,NL,East,1991,934742,579,655,71,90,26.5
MON,Montreal,Expos,NL,East,1992,1669127,648,581,87,75,9
MON,Montreal,Expos,NL,East,1993,1641437,732,682,94,68,3
MON,Montreal,Expos,NL,East,1994,1276250,585,454,74,40,0
MON,Montreal,Expos,NL,East,1995,1309618,621,638,66,78,24
MON,Montreal,Expos,NL,East,1996,1616709,741,668,88,74,8
MON,Montreal,Expos,NL,East,1997,1497609,691,740,78,84,23
MON,Montreal,Expos,NL,East,1998,914717,644,783,65,97,41
MON,Montreal,Expos,NL,East,1999,773277,718,853,68,94,35
MON,Montreal,Expos,NL,East,2000,926263,738,902,67,95,28
NYA,New York A,Yankees,AL,East,1969,1067996,562,587,80,81,28.5
NYA,New York A,Yankees,AL,East,1970,1136879,680,612,93,69,15
NYA,New York A,Yankees,AL,East,1971,1070771,648,641,82,80,21
NYA,New York A,Yankees,AL,East,1972,966328,557,527,79,76,6.5
NYA,New York A,Yankees,AL,East,1973,1262103,641,610,80,82,17
NYA,New York A,Yankees,AL,East,1974,1273075,671,623,89,73,2
NYA,New York A,Yankees,AL,East,1975,1288048,681,588,83,77,12
NYA,New York A,Yankees,AL,East,1976,2012434,730,575,97,62,0
NYA,New York A,Yankees,AL,East,1977,2103092,831,651,100,62,0
NYA,New York A,Yankees,AL,East,1978,2335871,735,582,100,63,0
NYA,New York A,Yankees,AL,East,1979,2537765,734,672,89,71,13.5
NYA,New York A,Yankees,AL,East,1980,2627417,820,662,103,59,0
NYA,New York A,Yankees,AL,East,1981,1614353,421,343,59,48,2
NYA,New York A,Yankees,AL,East,1982,2041219,709,716,79,83,16
NYA,New York A,Yankees,AL,East,1983,2257976,770,703,91,71,7
NYA,New York A,Yankees,AL,East,1984,1821815,758,679,87,75,17
NYA,New York A,Yankees,AL,East,1985,2214587,839,660,97,64,2
NYA,New York A,Yankees,AL,East,1986,2268030,797,738,90,72,5.5
NYA,New York A,Yankees,AL,East,1987,2427672,788,758,89,73,9
NYA,New York A,Yankees,AL,East,1988,2633701,772,748,85,76,3.5
NYA,New York A,Yankees,AL,East,1989,2170485,698,792,74,87,14.5
NYA,New York A,Yankees,AL,East,1990,2006436,603,749,67,95,21
NYA,New York A,Yankees,AL,East,1991,1863733,674,777,71,91,20
NYA,New York A,Yankees,AL,East,1992,1748737,733,746,76,86,20
NYA,New York A,Yankees,AL,East,1993,2416965,821,761,88,74,7
NYA,New York A,Yankees,AL,East,1994,1675556,670,534,70,43,0
NYA,New York A,Yankees,AL,East,1995,1705263,749,688,79,65,7
NYA,New York A,Yankees,AL,East,1996,2250877,871,787,92,70,0
NYA,New York A,Yankees,AL,East,1997,2580325,891,688,96,66,2
NYA,New York A,Yankees,AL,East,1998,2919046,965,656,114,48,0
NYA,New York A,Yankees,AL,East,1999,3292736,900,731,98,64,0
NYA,New York A,Yankees,AL,East,2000,3227657,871,814,87,74,0
NYN,New York N,Mets,NL,East,1969,2175373,632,541,100,62,0
NYN,New York N,Mets,NL,East,1970,2697479,695,630,83,79,6
NYN,New York N,Mets,NL,East,1971,2266680,588,550,83,79,14
NYN,New York N,Mets,NL,East,1972,2134185,528,578,83,73,13.5
NYN,New York N,Mets,NL,East,1973,1912390,608,588,82,79,0
NYN,New York N,Mets,NL,East,1974,1722209,572,646,71,91,17
NYN,New York N,Mets,NL,East,1975,1730566,646,625,82,80,10.5
NYN,New York N,Mets,NL,East,1976,1468754,615,538,86,76,15
NYN,New York N,Mets,NL,East,1977,1066825,587,663,64,98,37
NYN,New York N,Mets,NL,East,1978,1007328,607,690,66,96,24
NYN,New York N,Mets,NL,East,1979,788905,593,706,63,99,35
NYN,New York N,Mets,NL,East,1980,1192073,611,702,67,95,24
NYN,New York N,Mets,NL,East,1981,704244,348,432,41,62,18.5
NYN,New York N,Mets,NL,East,1982,1323036,609,723,65,97,27
NYN,New York N,Mets,NL,East,1983,1112774,575,680,68,94,22
NYN,New York N,Mets,NL,East,1984,1842695,652,676,90,72,6.5
NYN,New York N,Mets,NL,East,1985,2761601,695,568,98,64,3
NYN,New York N,Mets,NL,East,1986,2767601,783,578,108,54,0
NYN,New York N,Mets,NL,East,1987,3034129,823,698,92,70,3
NYN,New York N,Mets,NL,East,1988,3055445,703,532,100,60,0
NYN,New York N,Mets,NL,East,1989,2918710,683,595,87,75,6
NYN,New York N,Mets,NL,East,1990,2732745,775,613,91,71,4
NYN,New York N,Mets,NL,East,1991,2284484,640,646,77,84,20.5
NYN,New York N,Mets,NL,East,1992,1779534,599,653,72,90,24
NYN,New York N,Mets,NL,East,1993,1873183,672,744,59,103,38
NYN,New York N,Mets,NL,East,1994,1151471,506,526,55,58,18.5
NYN,New York N,Mets,NL,East,1995,1273183,657,618,69,75,21
NYN,New York N,Mets,NL,East,1996,1588323,746,779,71,91,25
NYN,New York N,Mets,NL,East,1997,1766174,777,709,88,74,13
NYN,New York N,Mets,NL,East,1998,2287942,706,645,88,74,18
NYN,New York N,Mets,NL,East,1999,2725668,853,711,97,66,6.5
NYN,New York N,Mets,NL,East,2000,2800221,807,738,94,68,1
OAK,Oakland,A's,AL,West,1969,778232,740,678,88,74,9
OAK,Oakland,A's,AL,West,1970,778355,678,593,89,73,9
OAK,Oakland,A's,AL,West,1971,914993,691,564,101,60,0
OAK,Oakland,A's,AL,West,1972,921323,604,457,93,62,0
OAK,Oakland,A's,AL,West,1973,1000763,758,615,94,68,0
OAK,Oakland,A's,AL,West,1974,845693,689,551,90,72,0
OAK,Oakland,A's,AL,West,1975,1075518,758,606,98,64,0
OAK,Oakland,A's,AL,West,1976,780593,686,598,87,74,2.5
OAK,Oakland,A's,AL,West,1977,495599,605,749,63,98,38.5
OAK,Oakland,A's,AL,West,1978,526999,532,690,69,93,23
OAK,Oakland,A's,AL,West,1979,306763,573,860,54,108,34
OAK,Oakland,A's,AL,West,1980,842259,686,642,83,79,14
OAK,Oakland,A's,AL,West,1981,1304052,458,403,64,45,0
OAK,Oakland,A's,AL,West,1982,1735489,691,819,68,94,25
OAK,Oakland,A's,AL,West,1983,1294941,708,782,74,88,25
OAK,Oakland,A's,AL,West,1984,1353281,738,796,77,85,7
OAK,Oakland,A's,AL,West,1985,1334599,757,787,77,85,14
OAK,Oakland,A's,AL,West,1986,1314646,731,760,76,86,16
OAK,Oakland,A's,AL,West,1987,1678921,806,789,81,81,4
OAK,Oakland,A's,AL,West,1988,2287335,800,620,104,58,0
OAK,Oakland,A's,AL,West,1989,2667225,712,576,99,63,0
OAK,Oakland,A's,AL,West,1990,2900217,733,570,103,59,0
OAK,Oakland,A's,AL,West,1991,2713493,760,776,84,78,11
OAK,Oakland,A's,AL,West,1992,2494160,745,672,96,66,0
OAK,Oakland,A's,AL,West,1993,2035025,715,846,68,94,29
OAK,Oakland,A's,AL,West,1994,1242692,549,589,51,63,1
OAK,Oakland,A's,AL,West,1995,1174310,730,761,67,77,11.5
OAK,Oakland,A's,AL,West,1996,1148380,861,900,78,84,12
OAK,Oakland,A's,AL,West,1997,1264218,764,946,65,97,25
OAK,Oakland,A's,AL,West,1998,1232339,804,866,74,88,14
OAK,Oakland,A's,AL,West,1999,1434610,893,846,87,75,8
OAK,Oakland,A's,AL,West,2000,1728888,947,813,91,70,0
PHI,Philadelphia,Phillies,NL,East,1969,519414,645,745,63,99,37
PHI,Philadelphia,Phillies,NL,East,1970,708247,594,730,73,88,15.5
PHI,Philadelphia,Phillies,NL,East,1971,1511223,558,688,67,95,30
PHI,Philadelphia,Phillies,NL,East,1972,1343329,503,635,59,97,37.5
PHI,Philadelphia,Phillies,NL,East,1973,1475934,642,717,71,91,11.5
PHI,Philadelphia,Phillies,NL,East,1974,1808648,676,701,80,82,8
PHI,Philadelphia,Phillies,NL,East,1975,1909233,735,694,86,76,6.5
PHI,Philadelphia,Phillies,NL,East,1976,2480150,770,557,101,61,0
PHI,Philadelphia,Phillies,NL,East,1977,2700070,847,668,101,61,0
PHI,Philadelphia,Phillies,NL,East,1978,2583389,708,586,90,72,0
PHI,Philadelphia,Phillies,NL,East,1979,2775011,683,718,84,78,14
PHI,Philadelphia,Phillies,NL,East,1980,2651650,728,639,91,71,0
PHI,Philadelphia,Phillies,NL,East,1981,1638752,491,472,59,48,2.5
PHI,Philadelphia,Phillies,NL,East,1982,2376394,664,654,89,73,3
PHI,Philadelphia,Phillies,NL,East,1983,2128339,696,635,90,72,0
PHI,Philadelphia,Phillies,NL,East,1984,2062693,720,690,81,81,15.5
PHI,Philadelphia,Phillies,NL,East,1985,1830350,667,673,75,87,26
PHI,Philadelphia,Phillies,NL,East,1986,1933335,739,713,86,75,21.5
PHI,Philadelphia,Phillies,NL,East,1987,2100110,702,749,80,82,15
PHI,Philadelphia,Phillies,NL,East,1988,1990041,597,734,65,96,35.5
PHI,Philadelphia,Phillies,NL,East,1989,1861985,629,735,67,95,26
PHI,Philadelphia,Phillies,NL,East,1990,1992484,646,729,77,85,18
PHI,Philadelphia,Phillies,NL,East,1991,2050012,629,680,78,84,20
PHI,Philadelphia,Phillies,NL,East,1992,1927448,686,717,70,92,26
PHI,Philadelphia,Phillies,NL,East,1993,3137674,877,740,97,65,0
PHI,Philadelphia,Phillies,NL,East,1994,2290971,521,497,54,61,20.5
PHI,Philadelphia,Phillies,NL,East,1995,2043598,615,658,69,75,21
PHI,Philadelphia,Phillies,NL,East,1996,1801677,650,790,67,95,29
PHI,Philadelphia,Phillies,NL,East,1997,1490638,668,840,68,94,33
PHI,Philadelphia,Phillies,NL,East,1998,1715702,713,808,75,87,31
PHI,Philadelphia,Phillies,NL,East,1999,1825337,841,846,77,85,26
PHI,Philadelphia,Phillies,NL,East,2000,1612769,708,830,65,97,30
PIT,Pittsburgh,Pirates,NL,East,1969,769369,725,652,88,74,12
PIT,Pittsburgh,Pirates,NL,East,1970,1341947,729,664,89,73,0
PIT,Pittsburgh,Pirates,NL,East,1971,1501132,788,599,97,65,0
PIT,Pittsburgh,Pirates,NL,East,1972,1427460,691,512,96,59,0
PIT,Pittsburgh,Pirates,NL,East,1973,1319913,704,693,80,82,2.5
PIT,Pittsburgh,Pirates,NL,East,1974,1110552,751,657,88,74,0
PIT,Pittsburgh,Pirates,NL,East,1975,1270018,712,565,92,69,0
PIT,Pittsburgh,Pirates,NL,East,1976,1025945,708,630,92,70,9
PIT,Pittsburgh,Pirates,NL,East,1977,1237349,734,665,96,66,5
PIT,Pittsburgh,Pirates,NL,East,1978,964106,684,637,88,73,1.5
PIT,Pittsburgh,Pirates,NL,East,1979,1435454,775,643,98,64,0
PIT,Pittsburgh,Pirates,NL,East,1980,1646757,666,646,83,79,8
PIT,Pittsburgh,Pirates,NL,East,1981,541789,407,425,46,56,13
PIT,Pittsburgh,Pirates,NL,East,1982,1024106,724,696,84,78,8
PIT,Pittsburgh,Pirates,NL,East,1983,1225916,659,648,84,78,6
PIT,Pittsburgh,Pirates,NL,East,1984,773500,615,567,75,87,21.5
PIT,Pittsburgh,Pirates,NL,East,1985,735900,568,708,57,104,43.5
PIT,Pittsburgh,Pirates,NL,East,1986,1000917,663,700,64,98,44
PIT,Pittsburgh,Pirates,NL,East,1987,1161193,723,744,80,82,15
PIT,Pittsburgh,Pirates,NL,East,1988,1866713,651,616,85,75,15
PIT,Pittsburgh,Pirates,NL,East,1989,1374141,637,680,74,88,19
PIT,Pittsburgh,Pirates,NL,East,1990,2049908,733,619,95,67,0
PIT,Pittsburgh,Pirates,NL,East,1991,2065302,768,632,98,64,0
PIT,Pittsburgh,Pirates,NL,East,1992,1829395,693,595,96,66,0
PIT,Pittsburgh,Pirates,NL,East,1993,1650593,707,806,75,87,22
PIT,Pittsburgh,Pirates,NL,Cent,1994,1222520,466,580,53,61,13
PIT,Pittsburgh,Pirates,NL,Cent,1995,905517,629,736,58,86,27
PIT,Pittsburgh,Pirates,NL,Cent,1996,1332150,776,833,73,89,15
PIT,Pittsburgh,Pirates,NL,Cent,1997,1657022,725,760,79,83,5
PIT,Pittsburgh,Pirates,NL,Cent,1998,1560950,650,718,69,93,33
PIT,Pittsburgh,Pirates,NL,Cent,1999,1638023,775,782,78,83,18.5
PIT,Pittsburgh,Pirates,NL,Cent,2000,1748908,793,888,69,93,26
SD,San Diego,Padres,NL,West,1969,512970,468,746,52,110,41
SD,San Diego,Padres,NL,West,1970,643679,681,788,63,99,39
SD,San Diego,Padres,NL,West,1971,557513,486,610,61,100,28.5
SD,San Diego,Padres,NL,West,1972,644273,488,665,58,95,36.5
SD,San Diego,Padres,NL,West,1973,611826,548,770,60,102,39
SD,San Diego,Padres,NL,West,1974,1075399,541,830,60,102,42
SD,San Diego,Padres,NL,West,1975,1281747,552,683,71,91,37
SD,San Diego,Padres,NL,West,1976,1458478,570,662,73,89,29
SD,San Diego,Padres,NL,West,1977,1376269,692,834,69,93,29
SD,San Diego,Padres,NL,West,1978,1670107,591,598,84,78,11
SD,San Diego,Padres,NL,West,1979,1456967,603,681,68,93,22
SD,San Diego,Padres,NL,West,1980,1139026,591,654,73,89,19.5
SD,San Diego,Padres,NL,West,1981,519161,382,455,41,69,26
SD,San Diego,Padres,NL,West,1982,1607516,675,658,81,81,8
SD,San Diego,Padres,NL,West,1983,1539815,653,653,81,81,10
SD,San Diego,Padres,NL,West,1984,1983904,686,634,92,70,0
SD,San Diego,Padres,NL,West,1985,2210352,650,622,83,79,12
SD,San Diego,Padres,NL,West,1986,1805716,656,723,74,88,22
SD,San Diego,Padres,NL,West,1987,1454061,668,763,65,97,25
SD,San Diego,Padres,NL,West,1988,1506896,594,583,83,78,11
SD,San Diego,Padres,NL,West,1989,2009031,642,626,89,73,3
SD,San Diego,Padres,NL,West,1990,1856396,673,673,75,87,16
SD,San Diego,Padres,NL,West,1991,1804289,636,646,84,78,10
SD,San Diego,Padres,NL,West,1992,1721406,617,636,82,80,16
SD,San Diego,Padres,NL,West,1993,1375432,679,772,61,101,43
SD,San Diego,Padres,NL,West,1994,953857,479,531,47,70,12.5
SD,San Diego,Padres,NL,West,1995,1040805,668,672,70,74,8
SD,San Diego,Padres,NL,West,1996,2187886,771,682,91,71,0
SD,San Diego,Padres,NL,West,1997,2089333,795,891,76,86,14
SD,San Diego,Padres,NL,West,1998,2555901,749,635,98,64,0
SD,San Diego,Padres,NL,West,1999,2523538,710,781,74,88,26
SD,San Diego,Padres,NL,West,2000,2423149,752,815,76,86,21
SEA,Seattle,Mariners,AL,West,1969,677944,639,799,64,98,33
SEA,Seattle,Mariners,AL,West,1977,1338511,624,855,64,98,38
SEA,Seattle,Mariners,AL,West,1978,877440,614,834,56,104,35
SEA,Seattle,Mariners,AL,West,1979,844447,711,820,67,95,21
SEA,Seattle,Mariners,AL,West,1980,836204,610,793,59,103,38
SEA,Seattle,Mariners,AL,West,1981,636276,426,521,44,65,20
SEA,Seattle,Mariners,AL,West,1982,1070404,651,712,76,86,17
SEA,Seattle,Mariners,AL,West,1983,813537,558,740,60,102,39
SEA,Seattle,Mariners,AL,West,1984,870372,682,774,74,88,10
SEA,Seattle,Mariners,AL,West,1985,1128696,719,818,74,88,17
SEA,Seattle,Mariners,AL,West,1986,1029045,718,835,67,95,25
SEA,Seattle,Mariners,AL,West,1987,1134255,760,801,78,84,8
SEA,Seattle,Mariners,AL,West,1988,1022398,664,744,68,93,35.5
SEA,Seattle,Mariners,AL,West,1989,1298443,694,728,73,89,26
SEA,Seattle,Mariners,AL,West,1990,1509727,640,680,77,85,26
SEA,Seattle,Mariners,AL,West,1991,2147905,702,674,83,79,12
SEA,Seattle,Mariners,AL,West,1992,1651367,679,799,64,98,32
SEA,Seattle,Mariners,AL,West,1993,2051853,734,731,82,80,12
SEA,Seattle,Mariners,AL,West,1994,1104206,569,616,49,63,2
SEA,Seattle,Mariners,AL,West,1995,1643203,796,708,79,66,0
SEA,Seattle,Mariners,AL,West,1996,2723850,993,895,85,76,4.5
SEA,Seattle,Mariners,AL,West,1997,3192237,925,833,90,72,0
SEA,Seattle,Mariners,AL,West,1998,2644305,859,855,76,85,11.5
SEA,Seattle,Mariners,AL,West,1999,2916346,859,905,79,83,16
SEA,Seattle,Mariners,AL,West,2000,3148317,907,780,91,71,0.5
SF,San Francisc,Giants,NL,West,1969,873603,713,636,90,72,3
SF,San Francisc,Giants,NL,West,1970,740720,831,826,86,76,16
SF,San Francisc,Giants,NL,West,1971,1106043,706,644,90,72,0
SF,San Francisc,Giants,NL,West,1972,647744,662,649,69,86,26.5
SF,San Francisc,Giants,NL,West,1973,834193,739,702,88,74,11
SF,San Francisc,Giants,NL,West,1974,519987,634,723,72,90,30
SF,San Francisc,Giants,NL,West,1975,522919,659,671,80,81,27.5
SF,San Francisc,Giants,NL,West,1976,626868,595,686,74,88,28
SF,San Francisc,Giants,NL,West,1977,700056,673,711,75,87,23
SF,San Francisc,Giants,NL,West,1978,1740477,613,594,89,73,6
SF,San Francisc,Giants,NL,West,1979,1456402,672,751,73,91,19.5
SF,San Francisc,Giants,NL,West,1980,1096115,573,634,75,86,17
SF,San Francisc,Giants,NL,West,1981,632274,427,414,56,55,11.5
SF,San Francisc,Giants,NL,West,1982,1200948,673,687,87,75,2
SF,San Francisc,Giants,NL,West,1983,1251530,687,697,79,83,12
SF,San Francisc,Giants,NL,West,1984,1001545,682,807,66,96,26
SF,San Francisc,Giants,NL,West,1985,818697,556,674,62,100,33
SF,San Francisc,Giants,NL,West,1986,1528748,698,618,83,79,13
SF,San Francisc,Giants,NL,West,1987,1917168,783,669,90,72,0
SF,San Francisc,Giants,NL,West,1988,1785297,670,626,83,79,11.5
SF,San Francisc,Giants,NL,West,1989,2059701,699,600,92,70,0
SF,San Francisc,Giants,NL,West,1990,1975528,719,710,85,77,6
SF,San Francisc,Giants,NL,West,1991,1737478,649,697,75,87,19
SF,San Francisc,Giants,NL,West,1992,1560998,574,647,72,90,26
SF,San Francisc,Giants,NL,West,1993,2606354,808,636,103,59,1
SF,San Francisc,Giants,NL,West,1994,1704608,504,500,55,60,3.5
SF,San Francisc,Giants,NL,West,1995,1241500,652,776,67,77,11
SF,San Francisc,Giants,NL,West,1996,1413922,752,862,68,94,23
SF,San Francisc,Giants,NL,West,1997,1690869,784,793,90,72,0
SF,San Francisc,Giants,NL,West,1998,1925634,845,739,89,74,9.5
SF,San Francisc,Giants,NL,West,1999,2078399,872,831,86,76,14
SF,San Francisc,Giants,NL,West,2000,3315330,925,747,97,65,0
STL,St. Louis,Cardinals,NL,East,1969,1682783,595,540,87,75,13
STL,St. Louis,Cardinals,NL,East,1970,1629736,744,747,76,86,13
STL,St. Louis,Cardinals,NL,East,1971,1604671,739,699,90,72,7
STL,St. Louis,Cardinals,NL,East,1972,1196894,568,600,75,81,21.5
STL,St. Louis,Cardinals,NL,East,1973,1574046,643,603,81,81,1.5
STL,St. Louis,Cardinals,NL,East,1974,1838413,677,643,86,75,1.5
STL,St. Louis,Cardinals,NL,East,1975,1695270,662,689,82,80,10.5
STL,St. Louis,Cardinals,NL,East,1976,1207079,629,671,72,90,29
STL,St. Louis,Cardinals,NL,East,1977,1659287,737,688,83,79,18
STL,St. Louis,Cardinals,NL,East,1978,1278215,600,657,69,93,21
STL,St. Louis,Cardinals,NL,East,1979,1627256,731,693,86,76,12
STL,St. Louis,Cardinals,NL,East,1980,1385147,738,710,74,88,17
STL,St. Louis,Cardinals,NL,East,1981,1010247,464,417,59,43,0
STL,St. Louis,Cardinals,NL,East,1982,2111906,685,609,92,70,0
STL,St. Louis,Cardinals,NL,East,1983,2317914,679,710,79,83,11
STL,St. Louis,Cardinals,NL,East,1984,2037448,652,645,84,78,12.5
STL,St. Louis,Cardinals,NL,East,1985,2637563,747,572,101,61,0
STL,St. Louis,Cardinals,NL,East,1986,2471974,601,611,79,82,28.5
STL,St. Louis,Cardinals,NL,East,1987,3072122,798,693,95,67,0
STL,St. Louis,Cardinals,NL,East,1988,2892799,578,633,76,86,25
STL,St. Louis,Cardinals,NL,East,1989,3080980,632,608,86,76,7
STL,St. Louis,Cardinals,NL,East,1990,2573225,599,698,70,92,25
STL,St. Louis,Cardinals,NL,East,1991,2448699,651,648,84,78,14
STL,St. Louis,Cardinals,NL,East,1992,2418483,631,604,83,79,13
STL,St. Louis,Cardinals,NL,East,1993,2844328,758,744,87,75,10
STL,St. Louis,Cardinals,NL,Cent,1994,1866544,535,621,53,61,13
STL,St. Louis,Cardinals,NL,Cent,1995,1756727,563,658,62,81,22.5
STL,St. Louis,Cardinals,NL,Cent,1996,2654718,759,706,88,74,0
STL,St. Louis,Cardinals,NL,Cent,1997,2634014,689,708,73,89,11
STL,St. Louis,Cardinals,NL,Cent,1998,3194092,810,782,83,79,19
STL,St. Louis,Cardinals,NL,Cent,1999,3225334,809,838,75,86,21.5
STL,St. Louis,Cardinals,NL,Cent,2000,3336493,887,771,95,67,0
TB,Tampa Bay,Devil Rays,AL,East,1998,2261158,620,751,63,99,51
TB,Tampa Bay,Devil Rays,AL,East,1999,1562827,772,913,69,93,29
TB,Tampa Bay,Devil Rays,AL,East,2000,1549052,733,842,69,92,18
TEX,Texas,Rangers,AL,West,1972,662974,461,628,54,100,38.5
TEX,Texas,Rangers,AL,West,1973,686085,619,844,57,105,37
TEX,Texas,Rangers,AL,West,1974,1193902,690,698,84,76,5
TEX,Texas,Rangers,AL,West,1975,1127924,714,733,79,83,19
TEX,Texas,Rangers,AL,West,1976,1164982,616,652,76,86,14
TEX,Texas,Rangers,AL,West,1977,1250722,767,657,94,68,8
TEX,Texas,Rangers,AL,West,1978,1447963,692,632,87,75,5
TEX,Texas,Rangers,AL,West,1979,1519671,750,698,83,79,5
TEX,Texas,Rangers,AL,West,1980,1198175,756,752,76,85,20.5
TEX,Texas,Rangers,AL,West,1981,850076,452,389,57,48,5
TEX,Texas,Rangers,AL,West,1982,1154432,590,749,64,98,29
TEX,Texas,Rangers,AL,West,1983,1363469,639,609,77,85,22
TEX,Texas,Rangers,AL,West,1984,1102471,656,714,69,92,14.5
TEX,Texas,Rangers,AL,West,1985,1112497,617,785,62,99,28.5
TEX,Texas,Rangers,AL,West,1986,1692002,771,743,87,75,5
TEX,Texas,Rangers,AL,West,1987,1763053,823,849,75,87,10
TEX,Texas,Rangers,AL,West,1988,1581901,637,735,70,91,33.5
TEX,Texas,Rangers,AL,West,1989,2043993,695,714,83,79,16
TEX,Texas,Rangers,AL,West,1990,2057911,676,696,83,79,20
TEX,Texas,Rangers,AL,West,1991,2297720,829,814,85,77,10
TEX,Texas,Rangers,AL,West,1992,2198231,682,753,77,85,19
TEX,Texas,Rangers,AL,West,1993,2244616,835,751,86,76,8
TEX,Texas,Rangers,AL,West,1994,2503198,613,697,52,62,0
TEX,Texas,Rangers,AL,West,1995,1985910,691,720,74,70,4.5
TEX,Texas,Rangers,AL,West,1996,2889020,928,799,90,72,0
TEX,Texas,Rangers,AL,West,1997,2945228,807,823,77,85,13
TEX,Texas,Rangers,AL,West,1998,2927409,940,871,88,74,0
TEX,Texas,Rangers,AL,West,1999,2771469,945,859,95,67,0
TEX,Texas,Rangers,AL,West,2000,2800147,848,974,71,91,20.5
TOR,Toronto,Blue Jays,AL,East,1977,1701052,605,822,54,107,45.5
TOR,Toronto,Blue Jays,AL,East,1978,1562585,590,775,59,102,40
TOR,Toronto,Blue Jays,AL,East,1979,1431651,613,862,53,109,50.5
TOR,Toronto,Blue Jays,AL,East,1980,1400327,624,762,67,95,36
TOR,Toronto,Blue Jays,AL,East,1981,755083,329,466,37,69,23.5
TOR,Toronto,Blue Jays,AL,East,1982,1275978,651,701,78,84,17
TOR,Toronto,Blue Jays,AL,East,1983,1930415,795,726,89,73,9
TOR,Toronto,Blue Jays,AL,East,1984,2110009,750,696,89,73,15
TOR,Toronto,Blue Jays,AL,East,1985,2468925,759,588,99,62,0
TOR,Toronto,Blue Jays,AL,East,1986,2455477,809,733,86,76,9.5
TOR,Toronto,Blue Jays,AL,East,1987,2778429,845,655,96,66,2
TOR,Toronto,Blue Jays,AL,East,1988,2595175,763,680,87,75,2
TOR,Toronto,Blue Jays,AL,East,1989,3375883,731,651,89,73,0
TOR,Toronto,Blue Jays,AL,East,1990,3885284,767,661,86,76,2
TOR,Toronto,Blue Jays,AL,East,1991,4001527,684,622,91,71,0
TOR,Toronto,Blue Jays,AL,East,1992,4028318,780,682,96,66,0
TOR,Toronto,Blue Jays,AL,East,1993,4057947,847,742,95,67,0
TOR,Toronto,Blue Jays,AL,East,1994,2907933,566,579,55,60,16
TOR,Toronto,Blue Jays,AL,East,1995,2826483,642,777,56,88,30
TOR,Toronto,Blue Jays,AL,East,1996,2559573,766,809,74,88,18
TOR,Toronto,Blue Jays,AL,East,1997,2589297,654,694,76,86,22
TOR,Toronto,Blue Jays,AL,East,1998,2454283,816,768,88,74,26
TOR,Toronto,Blue Jays,AL,East,1999,2163464,883,862,84,78,14
TOR,Toronto,Blue Jays,AL,East,2000,1819886,861,908,83,79,4.5
WAS,Washington,Senators,AL,East,1969,918106,694,644,86,76,23
WAS,Washington,Senators,AL,East,1970,824789,626,689,70,92,38
WAS,Washington,Senators,AL,East,1971,655156,537,660,63,96,38.5
